[
{"timestamp":"2023-07-01T04:00:00.000Z","serviceEstimates":[{"cloudProvider":"AWS","accountName":"aws account 0","serviceName":"ebs","kilowattHours":0.9099318685999922,"co2e":0.00034492696349833045,"cost":0.14371956812430436,"region":"us-east-1","usesAverageCPUConstant":false},{"cloudProvider":"AWS","accountName":"aws account 0","serviceName":"s3","kilowattHours":0.000986946262424086,"co2e":4.0524803092142913e-7,"cost":0.00016885334621726214,"region":"us-east-2","usesAverageCPUConstant":false},{"cloudProvider":"AWS","accountName":"aws account 3","serviceName":"ec2","kilowattHours":50.176579830111365,"co2e":0.016165238194127487,"cost":6.7355159142197865,"region":"us-west-1","usesAverageCPUConstant":false},{"cloudProvider":"AWS","accountName":"aws account 3","serviceName":"rds","kilowattHours":50.15554852182787,"co2e":0.01615846260063172,"cost":6.732692750263217,"region":"us-west-2","usesAverageCPUConstant":false},{"cloudProvider":"AWS","accountName":"aws account 0","serviceName":"lambda","kilowattHours":72.26453941514701,"co2e":0.027393246691560364,"cost":11.413852788150153,"region":"us-east-1","usesAverageCPUConstant":false},{"cloudProvider":"GCP","accountName":"gcp account 4","serviceName":"computeEngine","kilowattHours":68.54797801901817,"co2e":0.03290302944912873,"cost":13.709595603803638,"region":"us-east1","usesAverageCPUConstant":false},{"cloudProvider":"AZURE","accountName":"azure account 4","serviceName":"virtualMachines","kilowattHours":50.02721869884774,"co2e":0.011256124207240741,"cost":4.690051753016976,"region":"UK South","usesAverageCPUConstant":false},{"cloudProvider":"AliCloud","accountName":"ali account 1","serviceName":"virtualMachines","kilowattHours":50.05357763407657,"co2e":0.012024032067235646,"cost":2.674481284318876,"region":"cn-hangzhou","usesAverageCPUConstant":false}]}
,
{"timestamp":"2023-06-01T04:00:00.000Z","serviceEstimates":[{"cloudProvider":"AWS","accountName":"aws account 0","serviceName":"ebs","kilowattHours":0.9281382786569483,"co2e":0.00035182844915221075,"cost":0.14659518714675449,"region":"us-east-1","usesAverageCPUConstant":false},{"cloudProvider":"AWS","accountName":"aws account 3","serviceName":"s3","kilowattHours":0.00003270772530525257,"co2e":1.3430053672139147e-8,"cost":0.000005595855696724645,"region":"us-east-2","usesAverageCPUConstant":false},{"cloudProvider":"AWS","accountName":"aws account 3","serviceName":"ec2","kilowattHours":50.558103056454314,"co2e":0.016288152387388715,"cost":6.786730161411965,"region":"us-west-1","usesAverageCPUConstant":false},{"cloudProvider":"AWS","accountName":"aws account 3","serviceName":"rds","kilowattHours":62.615457571422965,"co2e":0.02017263411941262,"cost":8.405264216421926,"region":"us-west-2","usesAverageCPUConstant":false},{"cloudProvider":"AWS","accountName":"aws account 0","serviceName":"lambda","kilowattHours":50.903421738830794,"co2e":0.01929590917511685,"cost":8.039962156298689,"region":"us-east-1","usesAverageCPUConstant":false},{"cloudProvider":"GCP","accountName":"gcp account 1","serviceName":"computeEngine","kilowattHours":65.28200479098749,"co2e":0.0050919963736970235,"cost":2.121665155707093,"region":"us-west1","usesAverageCPUConstant":false},{"cloudProvider":"AZURE","accountName":"azure account 1","serviceName":"virtualMachines","kilowattHours":61.90994721222564,"co2e":0.013929738122750768,"cost":5.804057551146154,"region":"UK South","usesAverageCPUConstant":false},{"cloudProvider":"AliCloud","accountName":"ali account 1","serviceName":"virtualMachines","kilowattHours":61.05357763407657,"co2e":0.013024032067235645,"cost":2.274481284318876,"region":"cn-hangzhou","usesAverageCPUConstant":false}]}
,
{"timestamp":"2023-05-01T04:00:00.000Z","serviceEstimates":[{"cloudProvider":"AWS","accountName":"aws account 1","serviceName":"ebs","kilowattHours":0.9290466782034781,"co2e":0.0003521727952599142,"cost":0.14673866469163094,"region":"us-east-1","usesAverageCPUConstant":false},{"cloudProvider":"AWS","accountName":"aws account 1","serviceName":"s3","kilowattHours":0.00007414638904524828,"co2e":3.0445100513091304e-8,"cost":0.000012685458547121379,"region":"us-east-2","usesAverageCPUConstant":false},{"cloudProvider":"AWS","accountName":"aws account 3","serviceName":"ec2","kilowattHours":50.74719344234976,"co2e":0.016349071069741494,"cost":6.812112945725623,"region":"us-west-1","usesAverageCPUConstant":false},{"cloudProvider":"AWS","accountName":"aws account 4","serviceName":"rds","kilowattHours":62.70792733734538,"co2e":0.02020242482649055,"cost":8.41767701103773,"region":"us-west-2","usesAverageCPUConstant":false},{"cloudProvider":"AWS","accountName":"aws account 2","serviceName":"lambda","kilowattHours":50.18018466997432,"co2e":0.019021752422662495,"cost":7.925730176109374,"region":"us-east-1","usesAverageCPUConstant":false},{"cloudProvider":"GCP","accountName":"gcp account 3","serviceName":"computeEngine","kilowattHours":50.642678514609926,"co2e":0.024308485687012764,"cost":10.128535702921987,"region":"us-east1","usesAverageCPUConstant":false},{"cloudProvider":"AZURE","accountName":"azure account 1","serviceName":"virtualMachines","kilowattHours":50.39790599515025,"co2e":0.011339528848908806,"cost":4.724803687045336,"region":"UK South","usesAverageCPUConstant":false},{"cloudProvider":"AliCloud","accountName":"ali account 1","serviceName":"virtualMachines","kilowattHours":50.05357763407657,"co2e":0.012024032067235646,"cost":2.474481284318876,"region":"cn-hangzhou","usesAverageCPUConstant":false}]}
,
{"timestamp":"2023-04-01T04:00:00.000Z","serviceEstimates":[{"cloudProvider":"AWS","accountName":"aws account 3","serviceName":"ebs","kilowattHours":0.7903104123827822,"co2e":0.0002995821777115289,"cost":0.1248259073798037,"region":"us-east-1","usesAverageCPUConstant":false},{"cloudProvider":"AWS","accountName":"aws account 3","serviceName":"s3","kilowattHours":0.0008485340026475967,"co2e":3.484148497591244e-7,"cost":0.00014517285406630186,"region":"us-east-2","usesAverageCPUConstant":false},{"cloudProvider":"AWS","accountName":"aws account 2","serviceName":"ec2","kilowattHours":50.571988266018494,"co2e":0.01629262574369838,"cost":6.788594059874325,"region":"us-west-1","usesAverageCPUConstant":false},{"cloudProvider":"AWS","accountName":"aws account 3","serviceName":"rds","kilowattHours":50.54507810450079,"co2e":0.016283956177692707,"cost":6.784981740705295,"region":"us-west-2","usesAverageCPUConstant":false},{"cloudProvider":"AWS","accountName":"aws account 4","serviceName":"lambda","kilowattHours":50.31390279587026,"co2e":0.019072440818927745,"cost":7.9468503412198945,"region":"us-east-1","usesAverageCPUConstant":false},{"cloudProvider":"GCP","accountName":"gcp account 2","serviceName":"computeEngine","kilowattHours":50.995343212272175,"co2e":0.01290182183270486,"cost":5.375759096960359,"region":"us-west2","usesAverageCPUConstant":false},{"cloudProvider":"AZURE","accountName":"azure account 1","serviceName":"virtualMachines","kilowattHours":64.71563943290937,"co2e":0.014561018872404607,"cost":6.067091196835253,"region":"UK South","usesAverageCPUConstant":false},{"cloudProvider":"AliCloud","accountName":"ali account 1","serviceName":"virtualMachines","kilowattHours":65.05357763407658,"co2e":0.014024032067235646,"cost":2.874481284318876,"region":"cn-hangzhou","usesAverageCPUConstant":false}]}
,
{"timestamp":"2023-03-01T05:00:00.000Z","serviceEstimates":[{"cloudProvider":"AWS","accountName":"aws account 3","serviceName":"ebs","kilowattHours":0.616242116061845,"co2e":0.00023359828269344752,"cost":0.09733261778893647,"region":"us-east-1","usesAverageCPUConstant":false},{"cloudProvider":"AWS","accountName":"aws account 2","serviceName":"s3","kilowattHours":0.00009916949627876193,"co2e":4.071978852802988e-8,"cost":0.000016966578553345785,"region":"us-east-2","usesAverageCPUConstant":false},{"cloudProvider":"AWS","accountName":"aws account 2","serviceName":"ec2","kilowattHours":50.149667680040125,"co2e":0.016156567987475487,"cost":6.731903328114787,"region":"us-west-1","usesAverageCPUConstant":false},{"cloudProvider":"AWS","accountName":"aws account 4","serviceName":"rds","kilowattHours":50.15605062459718,"co2e":0.0161586243615746,"cost":6.732760150656084,"region":"us-west-2","usesAverageCPUConstant":false},{"cloudProvider":"AWS","accountName":"aws account 2","serviceName":"lambda","kilowattHours":55.97282211541847,"co2e":0.021217561706469563,"cost":8.840650711028985,"region":"us-east-1","usesAverageCPUConstant":false},{"cloudProvider":"GCP","accountName":"gcp account 0","serviceName":"computeEngine","kilowattHours":50.58370656686491,"co2e":0.02428017915209516,"cost":10.116741313372984,"region":"us-east1","usesAverageCPUConstant":false},{"cloudProvider":"AZURE","accountName":"azure account 2","serviceName":"virtualMachines","kilowattHours":50.91095442793027,"co2e":0.01145496474628431,"cost":4.772901977618463,"region":"UK South","usesAverageCPUConstant":false},{"cloudProvider":"AliCloud","accountName":"ali account 1","serviceName":"virtualMachines","kilowattHours":70.05357763407658,"co2e":0.015024032067235646,"cost":2.974481284318876,"region":"cn-hangzhou","usesAverageCPUConstant":false}]}
,
{"timestamp":"2023-02-01T05:00:00.000Z","serviceEstimates":[{"cloudProvider":"AWS","accountName":"aws account 2","serviceName":"ebs","kilowattHours":0.8445236465308483,"co2e":0.00032013273416680216,"cost":0.1333886392361676,"region":"us-east-1","usesAverageCPUConstant":false},{"cloudProvider":"AWS","accountName":"aws account 2","serviceName":"s3","kilowattHours":0.0002648754924918617,"co2e":1.0875999622109836e-7,"cost":0.000045316665092124323,"region":"us-east-2","usesAverageCPUConstant":false},{"cloudProvider":"AWS","accountName":"aws account 3","serviceName":"ec2","kilowattHours":50.37629287099671,"co2e":0.016229579145370397,"cost":6.762324643904333,"region":"us-west-1","usesAverageCPUConstant":false},{"cloudProvider":"AWS","accountName":"aws account 3","serviceName":"rds","kilowattHours":50.52526081119707,"co2e":0.016277571699760927,"cost":6.782321541567054,"region":"us-west-2","usesAverageCPUConstant":false},{"cloudProvider":"AWS","accountName":"aws account 3","serviceName":"lambda","kilowattHours":50.357072062609866,"co2e":0.01908880494970146,"cost":7.953668729042276,"region":"us-east-1","usesAverageCPUConstant":false},{"cloudProvider":"GCP","accountName":"gcp account 0","serviceName":"computeEngine","kilowattHours":53.70289639150512,"co2e":0.02577739026792246,"cost":10.740579278301025,"region":"us-east1","usesAverageCPUConstant":false},{"cloudProvider":"AZURE","accountName":"azure account 4","serviceName":"virtualMachines","kilowattHours":50.82389577797691,"co2e":0.011435376550044804,"cost":4.764740229185335,"region":"UK South","usesAverageCPUConstant":false},{"cloudProvider":"AliCloud","accountName":"ali account 1","serviceName":"virtualMachines","kilowattHours":72.05357763407658,"co2e":0.015524032067235646,"cost":2.874481284318876,"region":"cn-hangzhou","usesAverageCPUConstant":false}]}
,
{"timestamp":"2023-01-01T05:00:00.000Z","serviceEstimates":[{"cloudProvider":"AWS","accountName":"aws account 0","serviceName":"ebs","kilowattHours":0.33278898489743725,"co2e":0.00012614998771608664,"cost":0.052562494881702775,"region":"us-east-1","usesAverageCPUConstant":false},{"cloudProvider":"AWS","accountName":"aws account 1","serviceName":"s3","kilowattHours":0.00098701927251199,"co2e":4.052780094476032e-7,"cost":0.00016886583726983468,"region":"us-east-2","usesAverageCPUConstant":false},{"cloudProvider":"AWS","accountName":"aws account 4","serviceName":"ec2","kilowattHours":50.904310297531644,"co2e":0.016399688935624875,"cost":6.833203723177032,"region":"us-west-1","usesAverageCPUConstant":false},{"cloudProvider":"AWS","accountName":"aws account 3","serviceName":"rds","kilowattHours":50.12852654254913,"co2e":0.016149757010633425,"cost":6.729065421097261,"region":"us-west-2","usesAverageCPUConstant":false},{"cloudProvider":"AWS","accountName":"aws account 2","serviceName":"lambda","kilowattHours":59.54349975897656,"co2e":0.022571094910135484,"cost":9.404622879223119,"region":"us-east-1","usesAverageCPUConstant":false},{"cloudProvider":"GCP","accountName":"gcp account 3","serviceName":"computeEngine","kilowattHours":63.69530490695243,"co2e":0.03057374635533717,"cost":12.739060981390487,"region":"us-east1","usesAverageCPUConstant":false},{"cloudProvider":"AZURE","accountName":"azure account 0","serviceName":"virtualMachines","kilowattHours":65.60925208439582,"co2e":0.014762081718989059,"cost":6.150867382912108,"region":"UK South","usesAverageCPUConstant":false},{"cloudProvider":"AliCloud","accountName":"ali account 1","serviceName":"virtualMachines","kilowattHours":71.05357763407658,"co2e":0.014524032067235647,"cost":2.474481284318876,"region":"cn-hangzhou","usesAverageCPUConstant":false}]}
,
{"timestamp":"2022-12-01T05:00:00.000Z","serviceEstimates":[{"cloudProvider":"AWS","accountName":"aws account 4","serviceName":"ebs","kilowattHours":0.7421818551593697,"co2e":0.00028133813365340714,"cost":0.11722422235558633,"region":"us-east-1","usesAverageCPUConstant":false},{"cloudProvider":"AWS","accountName":"aws account 1","serviceName":"s3","kilowattHours":0.0002180651158962681,"co2e":8.953928110793486e-8,"cost":0.00003730803379497286,"region":"us-east-2","usesAverageCPUConstant":false},{"cloudProvider":"AWS","accountName":"aws account 0","serviceName":"ec2","kilowattHours":54.239336047864754,"co2e":0.017474124176532442,"cost":7.280885073555185,"region":"us-west-1","usesAverageCPUConstant":false},{"cloudProvider":"AWS","accountName":"aws account 0","serviceName":"rds","kilowattHours":50.23120235816861,"co2e":0.016182835770124106,"cost":6.742848237551712,"region":"us-west-2","usesAverageCPUConstant":false},{"cloudProvider":"AWS","accountName":"aws account 3","serviceName":"lambda","kilowattHours":50.86615400739505,"co2e":0.019281782133429234,"cost":8.034075888928848,"region":"us-east-1","usesAverageCPUConstant":false},{"cloudProvider":"GCP","accountName":"gcp account 3","serviceName":"computeEngine","kilowattHours":59.19683162717123,"co2e":0.02841447918104219,"cost":11.839366325434247,"region":"us-east1","usesAverageCPUConstant":false},{"cloudProvider":"AZURE","accountName":"azure account 2","serviceName":"virtualMachines","kilowattHours":50.27713613081028,"co2e":0.011312355629432311,"cost":4.7134815122634635,"region":"UK South","usesAverageCPUConstant":false},{"cloudProvider":"AliCloud","accountName":"ali account 1","serviceName":"virtualMachines","kilowattHours":76.05357763407658,"co2e":0.016524032067235645,"cost":2.974481284318876,"region":"cn-hangzhou","usesAverageCPUConstant":false}]}
,
{"timestamp":"2022-11-01T04:00:00.000Z","serviceEstimates":[{"cloudProvider":"AWS","accountName":"aws account 0","serviceName":"ebs","kilowattHours":0.5648293345133781,"co2e":0.00021410929100465172,"cost":0.08921220458527156,"region":"us-east-1","usesAverageCPUConstant":false},{"cloudProvider":"AWS","accountName":"aws account 4","serviceName":"s3","kilowattHours":0.00005263625919629122,"co2e":2.161286911607075e-8,"cost":0.000009005362131696147,"region":"us-east-2","usesAverageCPUConstant":false},{"cloudProvider":"AWS","accountName":"aws account 0","serviceName":"ec2","kilowattHours":64.1169430041115,"co2e":0.02065636317680559,"cost":8.606817990335664,"region":"us-west-1","usesAverageCPUConstant":false},{"cloudProvider":"AWS","accountName":"aws account 1","serviceName":"rds","kilowattHours":50.69439982629539,"co2e":0.016332062708838108,"cost":6.805026128682545,"region":"us-west-2","usesAverageCPUConstant":false},{"cloudProvider":"AWS","accountName":"aws account 4","serviceName":"lambda","kilowattHours":50.69873776324742,"co2e":0.01921831982517644,"cost":8.007633260490184,"region":"us-east-1","usesAverageCPUConstant":false},{"cloudProvider":"GCP","accountName":"gcp account 2","serviceName":"computeEngine","kilowattHours":50.71620115791394,"co2e":0.024343776555798693,"cost":10.143240231582789,"region":"us-east1","usesAverageCPUConstant":false},{"cloudProvider":"AZURE","accountName":"azure account 0","serviceName":"virtualMachines","kilowattHours":50.146548832423804,"co2e":0.011282973487295355,"cost":4.701238953039732,"region":"UK South","usesAverageCPUConstant":false},{"cloudProvider":"AliCloud","accountName":"ali account 1","serviceName":"virtualMachines","kilowattHours":60.05357763407657,"co2e":0.013524032067235646,"cost":2.474481284318876,"region":"cn-hangzhou","usesAverageCPUConstant":false}]}
,
{"timestamp":"2022-10-01T04:00:00.000Z","serviceEstimates":[{"cloudProvider":"AWS","accountName":"aws account 0","serviceName":"ebs","kilowattHours":0.35269028620932774,"co2e":0.00013369395410308364,"cost":0.05570581420961819,"region":"us-east-1","usesAverageCPUConstant":false},{"cloudProvider":"AWS","accountName":"aws account 2","serviceName":"s3","kilowattHours":0.00007772936246220752,"co2e":3.1916298061882105e-8,"cost":0.000013298457525784212,"region":"us-east-2","usesAverageCPUConstant":false},{"cloudProvider":"AWS","accountName":"aws account 4","serviceName":"ec2","kilowattHours":50.00593572462313,"co2e":0.016110262294594658,"cost":6.712609289414441,"region":"us-west-1","usesAverageCPUConstant":false},{"cloudProvider":"AWS","accountName":"aws account 3","serviceName":"rds","kilowattHours":50.803461347266776,"co2e":0.016367198731864895,"cost":6.81966613827704,"region":"us-west-2","usesAverageCPUConstant":false},{"cloudProvider":"AWS","accountName":"aws account 0","serviceName":"lambda","kilowattHours":52.62976125953012,"co2e":0.019950310970888823,"cost":8.312629571203678,"region":"us-east-1","usesAverageCPUConstant":false},{"cloudProvider":"GCP","accountName":"gcp account 4","serviceName":"computeEngine","kilowattHours":64.63052755166217,"co2e":0.03102265322479784,"cost":12.926105510332436,"region":"us-east1","usesAverageCPUConstant":false},{"cloudProvider":"AZURE","accountName":"azure account 1","serviceName":"virtualMachines","kilowattHours":53.31425378242701,"co2e":0.011995707101046077,"cost":4.998211292102533,"region":"UK South","usesAverageCPUConstant":false},{"cloudProvider":"AliCloud","accountName":"ali account 1","serviceName":"virtualMachines","kilowattHours":55.05357763407657,"co2e":0.012524032067235647,"cost":2.274481284318876,"region":"cn-hangzhou","usesAverageCPUConstant":false}]}
,
{"timestamp":"2022-09-01T04:00:00.000Z","serviceEstimates":[{"cloudProvider":"AWS","accountName":"aws account 3","serviceName":"ebs","kilowattHours":0.3793961762889928,"co2e":0.00014381732914969223,"cost":0.059923887145705096,"region":"us-east-1","usesAverageCPUConstant":false},{"cloudProvider":"AWS","accountName":"aws account 2","serviceName":"s3","kilowattHours":0.0007881261941471649,"co2e":3.2361092032637913e-7,"cost":0.00013483788346932464,"region":"us-east-2","usesAverageCPUConstant":false},{"cloudProvider":"AWS","accountName":"aws account 3","serviceName":"ec2","kilowattHours":50.4099085739953,"co2e":0.016240409015558344,"cost":6.7668370898159775,"region":"us-west-1","usesAverageCPUConstant":false},{"cloudProvider":"AWS","accountName":"aws account 1","serviceName":"rds","kilowattHours":56.61135475563019,"co2e":0.01823831032755711,"cost":7.599295969815463,"region":"us-west-2","usesAverageCPUConstant":false},{"cloudProvider":"AWS","accountName":"aws account 4","serviceName":"lambda","kilowattHours":50.16319007556745,"co2e":0.019015310298755278,"cost":7.9230459578147,"region":"us-east-1","usesAverageCPUConstant":false},{"cloudProvider":"GCP","accountName":"gcp account 1","serviceName":"computeEngine","kilowattHours":50.2235650164992,"co2e":0.02410731120791962,"cost":10.044713003299842,"region":"us-east1","usesAverageCPUConstant":false},{"cloudProvider":"AZURE","accountName":"azure account 3","serviceName":"virtualMachines","kilowattHours":50.27485053251475,"co2e":0.011311841369815818,"cost":4.713267237423258,"region":"UK South","usesAverageCPUConstant":false},{"cloudProvider":"AliCloud","accountName":"ali account 1","serviceName":"virtualMachines","kilowattHours":58.05357763407657,"co2e":0.013524032067235646,"cost":2.474481284318876,"region":"cn-hangzhou","usesAverageCPUConstant":false}]}
,
{"timestamp":"2022-08-01T04:00:00.000Z","serviceEstimates":[{"cloudProvider":"AWS","accountName":"aws account 3","serviceName":"ebs","kilowattHours":0.0025963667867079376,"co2e":9.842021614705911e-7,"cost":0.00041008423394607964,"region":"us-east-1","usesAverageCPUConstant":false},{"cloudProvider":"AWS","accountName":"aws account 3","serviceName":"s3","kilowattHours":0.00038988295545011175,"co2e":1.600890605714595e-7,"cost":0.00006670377523810813,"region":"us-east-2","usesAverageCPUConstant":false},{"cloudProvider":"AWS","accountName":"aws account 4","serviceName":"ec2","kilowattHours":50.58419719553395,"co2e":0.016296559057893588,"cost":6.790232940788996,"region":"us-west-1","usesAverageCPUConstant":false},{"cloudProvider":"AWS","accountName":"aws account 1","serviceName":"rds","kilowattHours":50.09219672002729,"co2e":0.01613805274070103,"cost":6.724188641958764,"region":"us-west-2","usesAverageCPUConstant":false},{"cloudProvider":"AWS","accountName":"aws account 0","serviceName":"lambda","kilowattHours":50.34788323768369,"co2e":0.01908532175102552,"cost":7.952217396260633,"region":"us-east-1","usesAverageCPUConstant":false},{"cloudProvider":"GCP","accountName":"gcp account 2","serviceName":"computeEngine","kilowattHours":50.876621782936894,"co2e":0.02442077845580971,"cost":10.17532435658738,"region":"us-east1","usesAverageCPUConstant":false},{"cloudProvider":"AZURE","accountName":"azure account 2","serviceName":"virtualMachines","kilowattHours":69.14280006058016,"co2e":0.015557130013630535,"cost":6.48213750567939,"region":"UK South","usesAverageCPUConstant":false},{"cloudProvider":"AliCloud","accountName":"ali account 1","serviceName":"virtualMachines","kilowattHours":65.05357763407658,"co2e":0.014524032067235647,"cost":2.664481284318876,"region":"cn-hangzhou","usesAverageCPUConstant":false}]}
,
{"timestamp":"2022-07-01T04:00:00.000Z","serviceEstimates":[{"cloudProvider":"AWS","accountName":"aws account 3","serviceName":"ebs","kilowattHours":0.847821319053617,"co2e":0.00032138277959233556,"cost":0.1339094914968065,"region":"us-east-1","usesAverageCPUConstant":false},{"cloudProvider":"AWS","accountName":"aws account 3","serviceName":"s3","kilowattHours":0.000630093974723783,"co2e":2.587216267733831e-7,"cost":0.00010780067782224297,"region":"us-east-2","usesAverageCPUConstant":false},{"cloudProvider":"AWS","accountName":"aws account 3","serviceName":"ec2","kilowattHours":50.10307382046631,"co2e":0.016141556983518168,"cost":6.72564874313257,"region":"us-west-1","usesAverageCPUConstant":false},{"cloudProvider":"AWS","accountName":"aws account 2","serviceName":"rds","kilowattHours":50.22293041559674,"co2e":0.016180170823201556,"cost":6.741737843000649,"region":"us-west-2","usesAverageCPUConstant":false},{"cloudProvider":"AWS","accountName":"aws account 3","serviceName":"lambda","kilowattHours":68.18586584927158,"co2e":0.025847147981617528,"cost":10.769644992340638,"region":"us-east-1","usesAverageCPUConstant":false},{"cloudProvider":"GCP","accountName":"gcp account 4","serviceName":"computeEngine","kilowattHours":68.47759811709409,"co2e":0.032869247096205166,"cost":13.69551962341882,"region":"us-east1","usesAverageCPUConstant":false},{"cloudProvider":"AZURE","accountName":"azure account 1","serviceName":"virtualMachines","kilowattHours":50.5125618456214,"co2e":0.011365326415264814,"cost":4.735552673027006,"region":"UK South","usesAverageCPUConstant":false},{"cloudProvider":"AliCloud","accountName":"ali account 1","serviceName":"virtualMachines","kilowattHours":58.05357763407657,"co2e":0.013224032067235646,"cost":2.554481284318876,"region":"cn-hangzhou","usesAverageCPUConstant":false}]}
,
{"timestamp":"2022-06-01T04:00:00.000Z","serviceEstimates":[{"cloudProvider":"AWS","accountName":"aws account 1","serviceName":"ebs","kilowattHours":0.9119831149849784,"co2e":0.00034570452741424076,"cost":0.144043553089267,"region":"us-east-1","usesAverageCPUConstant":false},{"cloudProvider":"AWS","accountName":"aws account 1","serviceName":"s3","kilowattHours":0.00010168764085273696,"co2e":4.175375883526062e-8,"cost":0.000017397399514691924,"region":"us-east-2","usesAverageCPUConstant":false},{"cloudProvider":"AWS","accountName":"aws account 2","serviceName":"ec2","kilowattHours":50.13033413155082,"co2e":0.01615033935615933,"cost":6.729308065066388,"region":"us-west-1","usesAverageCPUConstant":false},{"cloudProvider":"AWS","accountName":"aws account 3","serviceName":"rds","kilowattHours":53.81264913939785,"co2e":0.017336659735292387,"cost":7.223608223038495,"region":"us-west-2","usesAverageCPUConstant":false},{"cloudProvider":"AWS","accountName":"aws account 4","serviceName":"lambda","kilowattHours":63.45075892152083,"co2e":0.02405221573362198,"cost":10.021756555675827,"region":"us-east-1","usesAverageCPUConstant":false},{"cloudProvider":"GCP","accountName":"gcp account 4","serviceName":"computeEngine","kilowattHours":50.77403726191187,"co2e":0.0243715378857177,"cost":10.154807452382375,"region":"us-east1","usesAverageCPUConstant":false},{"cloudProvider":"AZURE","accountName":"azure account 4","serviceName":"virtualMachines","kilowattHours":50.373127573933836,"co2e":0.011333953704135112,"cost":4.722480710056297,"region":"UK South","usesAverageCPUConstant":false},{"cloudProvider":"AliCloud","accountName":"ali account 1","serviceName":"virtualMachines","kilowattHours":72.05357763407658,"co2e":0.015524032067235646,"cost":2.874481284318876,"region":"cn-hangzhou","usesAverageCPUConstant":false}]}
,
{"timestamp":"2022-05-01T04:00:00.000Z","serviceEstimates":[{"cloudProvider":"AWS","accountName":"aws account 1","serviceName":"ebs","kilowattHours":0.8148394263939371,"co2e":0.00030888036652372336,"cost":0.12870015271821808,"region":"us-east-1","usesAverageCPUConstant":false},{"cloudProvider":"AWS","accountName":"aws account 1","serviceName":"s3","kilowattHours":0.00010100550904187954,"co2e":4.147367005666808e-8,"cost":0.000017280695856945034,"region":"us-east-2","usesAverageCPUConstant":false},{"cloudProvider":"AWS","accountName":"aws account 1","serviceName":"ec2","kilowattHours":50.933103987612505,"co2e":0.016408965312377156,"cost":6.837068880157149,"region":"us-west-1","usesAverageCPUConstant":false},{"cloudProvider":"AWS","accountName":"aws account 2","serviceName":"rds","kilowattHours":50.92736661108625,"co2e":0.016407116918993825,"cost":6.836298716247428,"region":"us-west-2","usesAverageCPUConstant":false},{"cloudProvider":"AWS","accountName":"aws account 2","serviceName":"lambda","kilowattHours":70.47173348463286,"co2e":0.026713649540286294,"cost":11.130687308452623,"region":"us-east-1","usesAverageCPUConstant":false},{"cloudProvider":"GCP","accountName":"gcp account 3","serviceName":"computeEngine","kilowattHours":57.666701915218034,"co2e":0.02768001691930466,"cost":11.533340383043608,"region":"us-east1","usesAverageCPUConstant":false},{"cloudProvider":"AZURE","accountName":"azure account 2","serviceName":"virtualMachines","kilowattHours":50.773157853289746,"co2e":0.011423960516990192,"cost":4.759983548745914,"region":"UK South","usesAverageCPUConstant":false},{"cloudProvider":"AliCloud","accountName":"ali account 1","serviceName":"virtualMachines","kilowattHours":55.05357763407657,"co2e":0.013524032067235646,"cost":2.434481284318876,"region":"cn-hangzhou","usesAverageCPUConstant":false}]}
]