[
  {
    "cloudProvider": "AWS",
    "accountId": "aws account 0",
    "accountName": "aws account 0",
    "region": "us-west-1",
    "recommendationType": "Modify",
    "instanceName": "example-instance-5",
    "recommendationDetail": "Modify instance: example-instance-5.",
    "resourceId": "i-0f12345678912b12I",
    "kilowattHourSavings": 116.513,
    "costSavings": 3.611,
    "co2eSavings": 11.492
  },
  {
    "cloudProvider": "AWS",
    "accountId": "aws account 1",
    "accountName": "aws account 1",
    "region": "us-east-2",
    "recommendationType": "Modify",
    "instanceName": "example-instance",
    "recommendationDetail": "Modify instance: example-instance.",
    "resourceId": "i-0f12345678912b12I",
    "kilowattHourSavings": 114.978,
    "costSavings": 13.506,
    "co2eSavings": 11.984
  },
  {
    "cloudProvider": "AWS",
    "accountId": "aws account 2",
    "accountName": "aws account 2",
    "region": "us-east-1",
    "recommendationType": "Modify",
    "instanceName": "example-instance-2",
    "recommendationDetail": "Modify instance: example-instance-2.",
    "resourceId": "i-0f12345678912b12I",
    "kilowattHourSavings": 18.419,
    "costSavings": 5.667,
    "co2eSavings": 1.288
  },
  {
    "cloudProvider": "AWS",
    "accountId": "aws account 4",
    "accountName": "aws account 4",
    "region": "us-west-1",
    "recommendationType": "Delete",
    "instanceName": "example-instance",
    "recommendationDetail": "Delete instance: example-instance.",
    "resourceId": "i-0f12345678912b12I",
    "kilowattHourSavings": 111.717,
    "costSavings": 5.788,
    "co2eSavings": 11.972
  },
  {
    "cloudProvider": "AWS",
    "accountId": "aws account 3",
    "accountName": "aws account 3",
    "region": "us-west-2",
    "recommendationType": "Delete",
    "instanceName": "example-instance",
    "recommendationDetail": "Delete instance: example-instance.",
    "resourceId": "i-0f12345678912b12I",
    "kilowattHourSavings": 11.195,
    "costSavings": 4.442,
    "co2eSavings": 1.892
  },
  {
    "cloudProvider": "GCP",
    "accountId": "gcp account 0",
    "accountName": "gcp account 0",
    "region": "us-west1",
    "recommendationType": "DELETE_IMAGE",
    "instanceName": "test-instance-1",
    "recommendationDetail": "Save cost by performing a DELETE_IMAGE for instance: test-instance-1.",
    "resourceId": 6906976106869124000,
    "kilowattHourSavings": 12.081,
    "costSavings": 1.314,
    "co2eSavings": 1.466
  },
  {
    "cloudProvider": "GCP",
    "accountId": "gcp account 1",
    "accountName": "gcp account 1",
    "region": "us-west1",
    "recommendationType": "SNAPSHOT_AND_DELETE_DISK",
    "instanceName": "test-instance-3",
    "recommendationDetail": "Save cost by performing a SNAPSHOT_AND_DELETE_DISK for instance: test-instance-3.",
    "resourceId": 4256745502855943000,
    "kilowattHourSavings": 18.742,
    "costSavings": 4.549,
    "co2eSavings": 1.803
  },
  {
    "cloudProvider": "GCP",
    "accountId": "gcp account 2",
    "accountName": "gcp account 2",
    "region": "us-west1",
    "recommendationType": "CHANGE_MACHINE_TYPE",
    "instanceName": "test-instance-10",
    "recommendationDetail": "Save cost by performing a CHANGE_MACHINE_TYPE for instance: test-instance-10.",
    "resourceId": 9625521363699055000,
    "kilowattHourSavings": 16.989,
    "costSavings": 8.165,
    "co2eSavings": 2.855
  },
  {
    "cloudProvider": "GCP",
    "accountId": "gcp account 3",
    "accountName": "gcp account 3",
    "region": "us-east2",
    "recommendationType": "DELETE_ADDRESS",
    "instanceName": "test-instance-8",
    "recommendationDetail": "Save cost by performing a DELETE_ADDRESS for instance: test-instance-8.",
    "resourceId": 9351508929180877000,
    "kilowattHourSavings": 19.946,
    "costSavings": 5.2,
    "co2eSavings": 0.168
  },
  {
    "cloudProvider": "GCP",
    "accountId": "gcp account 4",
    "accountName": "gcp account 4",
    "region": "us-west2",
    "recommendationType": "DELETE_DISK",
    "instanceName": "test-instance-14",
    "recommendationDetail": "Save cost by performing a DELETE_DISK for instance: test-instance-14.",
    "resourceId": 7840914330904416000,
    "kilowattHourSavings": 18.782,
    "costSavings": 8.359,
    "co2eSavings": 2.875
  },
  {
    "cloudProvider": "GCP",
    "accountId": "gcp account 2",
    "accountName": "gcp account 2",
    "region": "us-east1",
    "recommendationType": "STOP_VM",
    "instanceName": "test-instance-9",
    "recommendationDetail": "Save cost by performing a STOP_VM for instance: test-instance-9.",
    "resourceId": 8928403120086348000,
    "kilowattHourSavings": 116.483,
    "costSavings": 8.409,
    "co2eSavings": 14.929
  }
]